<?xml version="1.0" encoding="UTF-8" standalone="yes"?>
<post><type type="string">simple</type><title type="string">LinkedIn Vs. Facebook. Las estadÃ­sticas revelan su creciemiento real</title><content type="string">&lt;p&gt;Al contrario del pensamiento popular, el texto de Lorem Ipsum no es simplemente texto aleatorio. Tiene sus raices en una pieza clÂ´sica de la literatura del Latin, que data del aÃ±o 45 antes de Cristo, haciendo que este adquiera mas de 2000 aÃ±os de antiguedad. Richard McClintock, un profesor de Latin de la Universidad de Hampden-Sydney en Virginia, encontrÃ³ una de las palabras mÃ¡s oscuras de la lengua del latÃ­n, "consecteur", en un pasaje de Lorem Ipsum, y al seguir leyendo distintos textos del latÃ­n, descubriÃ³ la fuente indudable.&lt;!-- pagebreak --&gt; Lorem Ipsum viene de las secciones 1.10.32 y 1.10.33 de "de Finnibus Bonorum et Malorum" (Los Extremos del Bien y El Mal) por Cicero, escrito en el aÃ±o 45 antes de Cristo. Este libro es un tratado de teorÃ­a de Ã©ticas, muy popular durante el Renacimiento. La primera linea del Lorem Ipsum, "Lorem ipsum dolor sit amet..", viene de una linea en la secciÃ³n 1.10.32&lt;/p&gt;&#13;
&lt;p&gt;&lt;img src="/blog/content/public/upload/343546576876454_0_o.jpg" alt="undefined" /&gt;&lt;/p&gt;&#13;
&lt;p&gt;Al contrario del pensamiento popular, el texto de Lorem Ipsum no es simplemente texto aleatorio. Tiene sus raices en una pieza clÂ´sica de la literatura del Latin, que data del aÃ±o 45 antes de Cristo, haciendo que este adquiera mas de 2000 aÃ±os de antiguedad. Richard McClintock, un profesor de Latin de la Universidad de Hampden-Sydney en Virginia, encontrÃ³ una de las palabras mÃ¡s oscuras de la lengua del latÃ­n, "consecteur", en un pasaje de Lorem Ipsum, y al seguir leyendo distintos textos del latÃ­n, descubriÃ³ la fuente indudable. Lorem Ipsum viene de las secciones 1.10.32 y 1.10.33 de "de Finnibus Bonorum et Malorum" (Los Extremos del Bien y El Mal) por Cicero, escrito en el aÃ±o 45 antes de Cristo. Este libro es un tratado de teorÃ­a de Ã©ticas, muy popular durante el Renacimiento. La primera linea del Lorem Ipsum, "Lorem ipsum dolor sit amet..", viene de una linea en la secciÃ³n 1.10.32&lt;/p&gt;&#13;
&lt;p&gt;Al contrario del pensamiento popular, el texto de Lorem Ipsum no es simplemente texto aleatorio. Tiene sus raices en una pieza clÂ´sica de la literatura del Latin, que data del aÃ±o 45 antes de Cristo, haciendo que este adquiera mas de 2000 aÃ±os de antiguedad. Richard McClintock, un profesor de Latin de la Universidad de Hampden-Sydney en Virginia, encontrÃ³ una de las palabras mÃ¡s oscuras de la lengua del latÃ­n, "consecteur", en un pasaje de Lorem Ipsum, y al seguir leyendo distintos textos del latÃ­n, descubriÃ³ la fuente indudable. Lorem Ipsum viene de las secciones 1.10.32 y 1.10.33 de "de Finnibus Bonorum et Malorum" (Los Extremos del Bien y El Mal) por Cicero, escrito en el aÃ±o 45 antes de Cristo. Este libro es un tratado de teorÃ­a de Ã©ticas, muy popular durante el Renacimiento. La primera linea del Lorem Ipsum, "Lorem ipsum dolor sit amet..", viene de una linea en la secciÃ³n 1.10.32&lt;/p&gt;</content><description type="string">LinkedIn Vs. Facebook. Las estadÃ­sticas revelan su creciemiento real.</description><allow_comments type="integer">1</allow_comments><pub_date type="integer">1409699286</pub_date><mod_date type="string">1409749703</mod_date><visits type="string">0</visits></post>
