<?xml version="1.0" encoding="UTF-8" standalone="yes"?>
<post><type type="string">simple</type><title type="string">Los 10 periodistas de CNN en espaÃ±ol mÃ¡s influyentes en las redes sociales</title><content type="string">&lt;p&gt;Hay muchas variaciones de los pasajes de Lorem Ipsum disponibles, pero la mayorÃ­a sufriÃ³ alteraciones en alguna manera, ya sea porque se le agregÃ³ humor, o palabras aleatorias que no parecen ni un poco creÃ­bles. Si vas a utilizar un pasaje de Lorem Ipsum, necesitÃ¡s estar seguro de que no hay nada avergonzante escondido en el medio del texto. Todos los generadores de Lorem Ipsum que se encuentran en Internet tienden a repetir trozos predefinidos cuando sea necesario, haciendo a este el Ãºnico generador verdadero (vÃ¡lido) en la Internet.&lt;!-- pagebreak --&gt;&lt;/p&gt;&#13;
&lt;p&gt;Usa un diccionario de mas de 200 palabras provenientes del latÃ­n, combinadas con estructuras muy Ãºtiles de sentencias, para generar texto de Lorem Ipsum que parezca razonable. Este Lorem Ipsum generado siempre estarÃ¡ libre de repeticiones, humor agregado o palabras no caracterÃ­sticas del lenguaje, etc.&lt;/p&gt;&#13;
&lt;p&gt;Hay muchas variaciones de los pasajes de Lorem Ipsum disponibles, pero la mayorÃ­a sufriÃ³ alteraciones en alguna manera, ya sea porque se le agregÃ³ humor, o palabras aleatorias que no parecen ni un poco creÃ­bles. Si vas a utilizar un pasaje de Lorem Ipsum, necesitÃ¡s estar seguro de que no hay nada avergonzante escondido en el medio del texto. Todos los generadores de Lorem Ipsum que se encuentran en Internet tienden a repetir trozos predefinidos&lt;/p&gt;&#13;
&lt;p&gt;&lt;img src="/blog/content/public/upload/120314040450-fernando-del-rinc-n-y-patricia-janiot-story-top_0_o.jpg" alt="undefined" /&gt;&lt;/p&gt;&#13;
&lt;p&gt;cuando sea necesario, haciendo a este el Ãºnico generador verdadero (vÃ¡lido) en la Internet. Usa un diccionario de mas de 200 palabras provenientes del latÃ­n, combinadas con estructuras muy Ãºtiles de sentencias, para generar texto de Lorem Ipsum que parezca razonable. Este Lorem Ipsum generado siempre estarÃ¡ libre de repeticiones, humor agregado o palabras no caracterÃ­sticas del lenguaje, etc.&lt;/p&gt;&#13;
&lt;p&gt;Hay muchas variaciones de los pasajes de Lorem Ipsum disponibles, pero la mayorÃ­a sufriÃ³ alteraciones en alguna manera, ya sea porque se le agregÃ³ humor, o palabras aleatorias que no parecen ni un poco creÃ­bles. Si vas a utilizar un pasaje de Lorem Ipsum, necesitÃ¡s estar seguro de que no hay nada avergonzante escondido en el medio del texto. Todos los generadores de Lorem Ipsum que se encuentran en Internet tienden a repetir trozos predefinidos cuando sea necesario, haciendo a este el Ãºnico generador verdadero (vÃ¡lido) en la Internet. Usa un diccionario de mas de 200 palabras provenientes del latÃ­n, combinadas con estructuras muy Ãºtiles de sentencias, para generar texto de Lorem Ipsum que parezca razonable. Este Lorem Ipsum generado siempre estarÃ¡ libre de repeticiones, humor agregado o palabras no caracterÃ­sticas del lenguaje, etc.&lt;/p&gt;</content><description type="string">AnÃ¡lisis y comparaciÃ³n de los 10 periodistas de CNN en espaÃ±ol mÃ¡s influyentes en las redes sociales.</description><allow_comments type="integer">1</allow_comments><pub_date type="integer">1409699100</pub_date><mod_date type="string">1409749729</mod_date><visits type="string">0</visits></post>
