<?xml version="1.0" encoding="UTF-8" standalone="yes"?>
<notifications><notification type="string" category="session_fail" mail="" ip="amnQs5mYd963+aAXYf1QTCl0Npeckkqu8+F5O0xcZg8=" date="1409697377"/><notification type="string" category="session_start" mail="" ip="amnQs5mYd963+aAXYf1QTCl0Npeckkqu8+F5O0xcZg8=" date="1409697387"/><notification type="string" category="session_fail" mail="" ip="amnQs5mYd963+aAXYf1QTCl0Npeckkqu8+F5O0xcZg8=" date="1409698619"/><notification type="string" category="session_start" mail="" ip="amnQs5mYd963+aAXYf1QTCl0Npeckkqu8+F5O0xcZg8=" date="1409698914"/><notification type="string" category="session_start" mail="" ip="amnQs5mYd963+aAXYf1QTCl0Npeckkqu8+F5O0xcZg8=" date="1409748319"/><notification type="string" category="session_start" mail="" ip="amnQs5mYd963+aAXYf1QTCl0Npeckkqu8+F5O0xcZg8=" date="1409757769"/><notification type="string" category="session_start" mail="" ip="amnQs5mYd963+aAXYf1QTCl0Npeckkqu8+F5O0xcZg8=" date="1409857530"/><notification type="string" category="session_start" mail="" ip="amnQs5mYd963+aAXYf1QTCl0Npeckkqu8+F5O0xcZg8=" date="1409938105"></notification></notifications>
