<?xml version="1.0" encoding="utf-8" standalone="yes"?>
<tags autoinc="11"><list><tag id="0" name="CNN" name_human="CNN"/><tag id="1" name="periodistasfamosos" name_human="periodistas famosos"/><tag id="2" name="top10" name_human="top 10"/><tag id="3" name="PeriodistasmÃ¡sinfluyentes" name_human="Periodistas mÃ¡s influyentes"/><tag id="4" name="Redessociales" name_human="Redes sociales"/><tag id="5" name="David" name_human="David"/><tag id="6" name="David2" name_human="David2"/><tag id="7" name="Lorem" name_human="Lorem"/><tag id="8" name="Ipsum" name_human="Ipsum"/><tag id="9" name="Versusdelasemana" name_human="Versus de la semana"/><tag id="10" name="SocialMediaMarketing" name_human="Social Media Marketing"/></list><links><link id_tag="9" id_post="11"/><link id_tag="3" id_post="10"/><link id_tag="4" id_post="10"/></links></tags>
